period,id,name,order,level,unit,value
2025,RT_CAT_INFO_VALUATION,Valuation & Company Information,1,1,,
2025,RT_VALUE_PE,  ‣ P/E Ratio,2,2,lần,8.3041311025
2025,RT_VALUE_PB,  ‣ P/B Ratio,3,2,lần,1.1765977622
2025,RT_VALUE_PS,  ‣ P/S Ratio,4,2,lần,2.6462772512
2025,RT_VALUE_P_CF,  ‣ P/CF Ratio,5,2,lần,4.4361794389
2025,RT_VALUE_EV_EBITDA,  ‣ EV/EBITDA,6,2,lần,0.0
2025,RT_VALUE_DIVIDEND_YIELD,  ‣ Dividend Yield,7,2,%,2.0080321299999997
2025,RT_VALUE_MARKET_CAP,  ‣ Market Capitalization,8,2,tỷ VNĐ,216992810487350.0
2025,RT_VALUE_EPS,  ‣ Basic EPS,9,2,VNĐ,
2025,RT_VALUE_BETA,  ‣ Beta,10,2,lần,
2025,RT_VALUE_BVPS,  ‣ Book Value Per Share,11,2,VNĐ,
2025,RT_VALUE_EBIT,  ‣ EBIT,12,2,tỷ VNĐ,0.0
2025,RT_VALUE_EBITDA,  ‣ EBITDA,13,2,tỷ VNĐ,0.0
2025,RT_VALUE_EQUITY,  ‣ Owner's Equity,14,2,tỷ VNĐ,0.0
2025,RT_VALUE_OUTSTANDING_SHARES,  ‣ Outstanding Shares,15,2,cổ phiếu,7933923601.0
2025,RT_CAT_PROFITABILITY,Profitability & Efficiency,16,1,,
2025,RT_PRT_ROE,  ‣ ROE %,17,2,%,0.1487072493
2025,RT_PRT_ROA,  ‣ ROA %,18,2,%,0.0223027718
2025,RT_PRT_ROIC,  ‣ ROIC %,19,2,%,0.0
2025,RT_PRT_GROSS_MARGIN,  ‣ Gross Profit Margin %,20,2,%,0.7504438521
2025,RT_PRT_EBIT_MARGIN,  ‣ EBIT Margin %,21,2,%,0.0
2025,RT_PRT_PRE_TAX_MARGIN,  ‣ Pre Tax Profit Margin %,22,2,%,0.4102261643
2025,RT_PRT_NET_MARGIN,  ‣ Net Profit Margin %,23,2,%,0.3262337678
2025,RT_EFF_ATR,  ‣ Asset Turnover,24,2,vòng,0.0
2025,RT_EFF_FATR,  ‣ Fixed Asset Turnover,25,2,vòng,0.0
2025,RT_EFF_DSO,  ‣ Days Sales Outstanding,26,2,ngày,0.0
2025,RT_EFF_DIO,  ‣ Days Inventory Outstanding,27,2,ngày,0.0
2025,RT_EFF_DPO,  ‣ Days Payable Outstanding,28,2,ngày,0.0
2025,RT_EFF_CASH_CYCLE,  ‣ Cash Conversion Cycle,29,2,ngày,0.0
2025,RT_CAT_LIQUIDITY_SAFETY,Liquidity & Financial Safety,30,1,,
2025,RT_LQD_CR,  ‣ Current Ratio,31,2,lần,0.0
2025,RT_LQD_QR,  ‣ Quick Ratio,32,2,lần,0.0
2025,RT_LQD_CASH_RATIO,  ‣ Cash Ratio,33,2,lần,0.0
2025,RT_ASSETS_CURRENT_DEPOSITS,  ‣ Current Deposits,34,2,tỷ VNĐ,
2025,RT_ASSETS_DEPOSITS_SPECIAL,  ‣ Special Purpose Deposits,35,2,tỷ VNĐ,
2025,RT_ASSETS_DEPOSITS_CUSTOMERS,  ‣ Customer Deposits,36,2,tỷ VNĐ,
2025,RT_ASSETS_MARGIN_DEPOSITS,  ‣ Margin Deposits,37,2,tỷ VNĐ,
2025,RT_CAT_FINANCIAL_LEVERAGE,Financial Leverage,38,1,,
2025,RT_LEV_DE,  ‣ Debt to Equity Ratio,39,2,lần,0.0
2025,RT_LEV_LOAN_EQUITY,  ‣ Loans to Equity Ratio,40,2,lần,0.0
2025,RT_LEV_DA,  ‣ Debt to Assets Ratio,41,2,lần,
2025,RT_LEV_FINANCIAL_LEVERAGE,  ‣ Financial Leverage,42,2,lần,0.0
2025,RT_LEV_EQUITY_TO_LIABILITIES,  ‣ Equity to Liabilities Ratio,43,2,lần,0.1669413603
2025,RT_LEV_EQUITY_TO_ASSETS,  ‣ Equity to Assets Ratio,44,2,lần,0.1430589111
2025,RT_CAT_BANKING_SPECIFICS,Banking Specifics,45,1,,
2025,RT_BANK_NIM,  ‣ Net Interest Margin (NIM),46,2,%,0.055666197
2025,RT_BANK_YIEA,  ‣ Yield on Earning Assets (YIEA),47,2,%,0.0960866042
2025,RT_BANK_COF,  ‣ Cost of Funds (COF),48,2,%,-0.0477326439
2025,RT_BANK_NOII,  ‣ Non Interest Income,49,2,tỷ VNĐ,0.2719946314
2025,RT_BANK_CIR,  ‣ Cost to Income Ratio (CIR),50,2,%,-0.2495561479
2025,RT_BANK_LOAN_GROWTH,  ‣ Loan Growth,51,2,%,0.3527381671
2025,RT_BANK_DEPOSIT_GROWTH,  ‣ Deposit Growth,52,2,%,0.2931601293
2025,RT_BANK_LDR,  ‣ Loan to Deposit Ratio (LDR),53,2,%,1.5029212988
2025,RT_BANK_NPL,  ‣ Non Performing Loans Ratio (NPL),54,2,%,0.033334729
2025,RT_BANK_NPL_COVERAGE,  ‣ NPL Coverage Ratio,55,2,%,-0.5539213223
2025,RT_BANK_PROVISION_TO_LOANS,  ‣ Provision to Loans Ratio,56,2,%,-0.03094228
2025,RT_BANK_CAR,  ‣ Capital Adequacy Ratio (CAR),57,2,%,0.1435
2025,RT_BANK_CASA,  ‣ CASA Ratio,58,2,%,0.1444861554
2025,RT_BANK_EQUITY_TO_LOANS,  ‣ Equity to Loans Ratio,59,2,%,0.1909898482
2025,RT_BANK_LLR_TO_LOANS,  ‣ Loan Loss Reserve to Loans Ratio,60,2,%,0.0184648171
2024,RT_CAT_INFO_VALUATION,Valuation & Company Information,1,1,,
2024,RT_VALUE_PE,  ‣ P/E Ratio,2,2,lần,14.4058472868
2024,RT_VALUE_PB,  ‣ P/B Ratio,3,2,lần,1.6018248207
2024,RT_VALUE_PS,  ‣ P/S Ratio,4,2,lần,3.6512200895
2024,RT_VALUE_P_CF,  ‣ P/CF Ratio,5,2,lần,3.9658416055
2024,RT_VALUE_EV_EBITDA,  ‣ EV/EBITDA,6,2,lần,0.0
2024,RT_VALUE_DIVIDEND_YIELD,  ‣ Dividend Yield,7,2,%,1.7452006999999998
2024,RT_VALUE_MARKET_CAP,  ‣ Market Capitalization,8,2,tỷ VNĐ,134083308856900.0
2024,RT_VALUE_EPS,  ‣ Basic EPS,9,2,VNĐ,
2024,RT_VALUE_BETA,  ‣ Beta,10,2,lần,
2024,RT_VALUE_BVPS,  ‣ Book Value Per Share,11,2,VNĐ,
2024,RT_VALUE_EBIT,  ‣ EBIT,12,2,tỷ VNĐ,0.0
2024,RT_VALUE_EBITDA,  ‣ EBITDA,13,2,tỷ VNĐ,0.0
2024,RT_VALUE_EQUITY,  ‣ Owner's Equity,14,2,tỷ VNĐ,0.0
2024,RT_VALUE_OUTSTANDING_SHARES,  ‣ Outstanding Shares,15,2,cổ phiếu,7933923601.0
2024,RT_CAT_PROFITABILITY,Profitability & Efficiency,16,1,,
2024,RT_PRT_ROE,  ‣ ROE %,17,2,%,0.1113789812
2024,RT_PRT_ROA,  ‣ ROA %,18,2,%,0.0183607354
2024,RT_PRT_ROIC,  ‣ ROIC %,19,2,%,0.0
2024,RT_PRT_GROSS_MARGIN,  ‣ Gross Profit Margin %,20,2,%,0.7696615677
2024,RT_PRT_EBIT_MARGIN,  ‣ EBIT Margin %,21,2,%,0.0
2024,RT_PRT_PRE_TAX_MARGIN,  ‣ Pre Tax Profit Margin %,22,2,%,0.3214630471
2024,RT_PRT_NET_MARGIN,  ‣ Net Profit Margin %,23,2,%,0.2567956248
2024,RT_EFF_ATR,  ‣ Asset Turnover,24,2,vòng,0.0
2024,RT_EFF_FATR,  ‣ Fixed Asset Turnover,25,2,vòng,0.0
2024,RT_EFF_DSO,  ‣ Days Sales Outstanding,26,2,ngày,0.0
2024,RT_EFF_DIO,  ‣ Days Inventory Outstanding,27,2,ngày,0.0
2024,RT_EFF_DPO,  ‣ Days Payable Outstanding,28,2,ngày,0.0
2024,RT_EFF_CASH_CYCLE,  ‣ Cash Conversion Cycle,29,2,ngày,0.0
2024,RT_CAT_LIQUIDITY_SAFETY,Liquidity & Financial Safety,30,1,,
2024,RT_LQD_CR,  ‣ Current Ratio,31,2,lần,0.0
2024,RT_LQD_QR,  ‣ Quick Ratio,32,2,lần,0.0
2024,RT_LQD_CASH_RATIO,  ‣ Cash Ratio,33,2,lần,0.0
2024,RT_ASSETS_CURRENT_DEPOSITS,  ‣ Current Deposits,34,2,tỷ VNĐ,
2024,RT_ASSETS_DEPOSITS_SPECIAL,  ‣ Special Purpose Deposits,35,2,tỷ VNĐ,
2024,RT_ASSETS_DEPOSITS_CUSTOMERS,  ‣ Customer Deposits,36,2,tỷ VNĐ,
2024,RT_ASSETS_MARGIN_DEPOSITS,  ‣ Margin Deposits,37,2,tỷ VNĐ,
2024,RT_CAT_FINANCIAL_LEVERAGE,Financial Leverage,38,1,,
2024,RT_LEV_DE,  ‣ Debt to Equity Ratio,39,2,lần,0.0
2024,RT_LEV_LOAN_EQUITY,  ‣ Loans to Equity Ratio,40,2,lần,0.0
2024,RT_LEV_DA,  ‣ Debt to Assets Ratio,41,2,lần,
2024,RT_LEV_FINANCIAL_LEVERAGE,  ‣ Financial Leverage,42,2,lần,0.0
2024,RT_LEV_EQUITY_TO_LIABILITIES,  ‣ Equity to Liabilities Ratio,43,2,lần,0.1896478252
2024,RT_LEV_EQUITY_TO_ASSETS,  ‣ Equity to Assets Ratio,44,2,lần,0.1594150984
2024,RT_CAT_BANKING_SPECIFICS,Banking Specifics,45,1,,
2024,RT_BANK_NIM,  ‣ Net Interest Margin (NIM),46,2,%,0.0592041823
2024,RT_BANK_YIEA,  ‣ Yield on Earning Assets (YIEA),47,2,%,0.0966362084
2024,RT_BANK_COF,  ‣ Cost of Funds (COF),48,2,%,-0.0441714791
2024,RT_BANK_NOII,  ‣ Non Interest Income,49,2,tỷ VNĐ,0.2681690883
2024,RT_BANK_CIR,  ‣ Cost to Income Ratio (CIR),50,2,%,-0.2303384323
2024,RT_BANK_LOAN_GROWTH,  ‣ Loan Growth,51,2,%,0.2235756081
2024,RT_BANK_DEPOSIT_GROWTH,  ‣ Deposit Growth,52,2,%,0.0978780782
2024,RT_BANK_LDR,  ‣ Loan to Deposit Ratio (LDR),53,2,%,1.4266490885
2024,RT_BANK_NPL,  ‣ Non Performing Loans Ratio (NPL),54,2,%,0.0419558132
2024,RT_BANK_NPL_COVERAGE,  ‣ NPL Coverage Ratio,55,2,%,-0.5617491335
2024,RT_BANK_PROVISION_TO_LOANS,  ‣ Provision to Loans Ratio,56,2,%,-0.0443198822
2024,RT_BANK_CAR,  ‣ Capital Adequacy Ratio (CAR),57,2,%,0.155
2024,RT_BANK_CASA,  ‣ CASA Ratio,58,2,%,0.141497351
2024,RT_BANK_EQUITY_TO_LOANS,  ‣ Equity to Loans Ratio,59,2,%,0.2125565291
2024,RT_BANK_LLR_TO_LOANS,  ‣ Loan Loss Reserve to Loans Ratio,60,2,%,0.0235686417
2023,RT_CAT_INFO_VALUATION,Valuation & Company Information,1,1,,
2023,RT_VALUE_PE,  ‣ P/E Ratio,2,2,lần,15.2729361108
2023,RT_VALUE_PB,  ‣ P/B Ratio,3,2,lần,1.1314726607
2023,RT_VALUE_PS,  ‣ P/S Ratio,4,2,lần,3.0625834572
2023,RT_VALUE_P_CF,  ‣ P/CF Ratio,5,2,lần,13.2929257803
2023,RT_VALUE_EV_EBITDA,  ‣ EV/EBITDA,6,2,lần,0.0
2023,RT_VALUE_DIVIDEND_YIELD,  ‣ Dividend Yield,7,2,%,5.20833333
2023,RT_VALUE_MARKET_CAP,  ‣ Market Capitalization,8,2,tỷ VNĐ,156298294939700.0
2023,RT_VALUE_EPS,  ‣ Basic EPS,9,2,VNĐ,
2023,RT_VALUE_BETA,  ‣ Beta,10,2,lần,
2023,RT_VALUE_BVPS,  ‣ Book Value Per Share,11,2,VNĐ,
2023,RT_VALUE_EBIT,  ‣ EBIT,12,2,tỷ VNĐ,0.0
2023,RT_VALUE_EBITDA,  ‣ EBITDA,13,2,tỷ VNĐ,0.0
2023,RT_VALUE_EQUITY,  ‣ Owner's Equity,14,2,tỷ VNĐ,0.0
2023,RT_VALUE_OUTSTANDING_SHARES,  ‣ Outstanding Shares,15,2,cổ phiếu,7933923601.0
2023,RT_CAT_PROFITABILITY,Profitability & Efficiency,16,1,,
2023,RT_PRT_ROE,  ‣ ROE %,17,2,%,0.0698254018
2023,RT_PRT_ROA,  ‣ ROA %,18,2,%,0.0117275844
2023,RT_PRT_ROIC,  ‣ ROIC %,19,2,%,0.0
2023,RT_PRT_GROSS_MARGIN,  ‣ Gross Profit Margin %,20,2,%,0.7197152894
2023,RT_PRT_EBIT_MARGIN,  ‣ EBIT Margin %,21,2,%,0.0
2023,RT_PRT_PRE_TAX_MARGIN,  ‣ Pre Tax Profit Margin %,22,2,%,0.2172096343
2023,RT_PRT_NET_MARGIN,  ‣ Net Profit Margin %,23,2,%,0.1707731893
2023,RT_EFF_ATR,  ‣ Asset Turnover,24,2,vòng,0.0
2023,RT_EFF_FATR,  ‣ Fixed Asset Turnover,25,2,vòng,0.0
2023,RT_EFF_DSO,  ‣ Days Sales Outstanding,26,2,ngày,0.0
2023,RT_EFF_DIO,  ‣ Days Inventory Outstanding,27,2,ngày,0.0
2023,RT_EFF_DPO,  ‣ Days Payable Outstanding,28,2,ngày,0.0
2023,RT_EFF_CASH_CYCLE,  ‣ Cash Conversion Cycle,29,2,ngày,0.0
2023,RT_CAT_LIQUIDITY_SAFETY,Liquidity & Financial Safety,30,1,,
2023,RT_LQD_CR,  ‣ Current Ratio,31,2,lần,0.0
2023,RT_LQD_QR,  ‣ Quick Ratio,32,2,lần,0.0
2023,RT_LQD_CASH_RATIO,  ‣ Cash Ratio,33,2,lần,0.0
2023,RT_ASSETS_CURRENT_DEPOSITS,  ‣ Current Deposits,34,2,tỷ VNĐ,
2023,RT_ASSETS_DEPOSITS_SPECIAL,  ‣ Special Purpose Deposits,35,2,tỷ VNĐ,
2023,RT_ASSETS_DEPOSITS_CUSTOMERS,  ‣ Customer Deposits,36,2,tỷ VNĐ,
2023,RT_ASSETS_MARGIN_DEPOSITS,  ‣ Margin Deposits,37,2,tỷ VNĐ,
2023,RT_CAT_FINANCIAL_LEVERAGE,Financial Leverage,38,1,,
2023,RT_LEV_DE,  ‣ Debt to Equity Ratio,39,2,lần,0.0
2023,RT_LEV_LOAN_EQUITY,  ‣ Loans to Equity Ratio,40,2,lần,0.0
2023,RT_LEV_DA,  ‣ Debt to Assets Ratio,41,2,lần,
2023,RT_LEV_FINANCIAL_LEVERAGE,  ‣ Financial Leverage,42,2,lần,0.0
2023,RT_LEV_EQUITY_TO_LIABILITIES,  ‣ Equity to Liabilities Ratio,43,2,lần,0.2062576379
2023,RT_LEV_EQUITY_TO_ASSETS,  ‣ Equity to Assets Ratio,44,2,lần,0.1709897052
2023,RT_CAT_BANKING_SPECIFICS,Banking Specifics,45,1,,
2023,RT_BANK_NIM,  ‣ Net Interest Margin (NIM),46,2,%,0.0568629835
2023,RT_BANK_YIEA,  ‣ Yield on Earning Assets (YIEA),47,2,%,0.1140358301
2023,RT_BANK_COF,  ‣ Cost of Funds (COF),48,2,%,-0.0661964506
2023,RT_BANK_NOII,  ‣ Non Interest Income,49,2,tỷ VNĐ,0.3028621644
2023,RT_BANK_CIR,  ‣ Cost to Income Ratio (CIR),50,2,%,-0.2802847106
2023,RT_BANK_LOAN_GROWTH,  ‣ Loan Growth,51,2,%,0.2918597732
2023,RT_BANK_DEPOSIT_GROWTH,  ‣ Deposit Growth,52,2,%,0.459232437
2023,RT_BANK_LDR,  ‣ Loan to Deposit Ratio (LDR),53,2,%,1.2800898851
2023,RT_BANK_NPL,  ‣ Non Performing Loans Ratio (NPL),54,2,%,0.0502018282
2023,RT_BANK_NPL_COVERAGE,  ‣ NPL Coverage Ratio,55,2,%,-0.5205888563
2023,RT_BANK_PROVISION_TO_LOANS,  ‣ Provision to Loans Ratio,56,2,%,-0.0497593902
2023,RT_BANK_CAR,  ‣ Capital Adequacy Ratio (CAR),57,2,%,0.1707
2023,RT_BANK_CASA,  ‣ CASA Ratio,58,2,%,0.1743963387
2023,RT_BANK_EQUITY_TO_LOANS,  ‣ Equity to Loans Ratio,59,2,%,0.246870236
2023,RT_BANK_LLR_TO_LOANS,  ‣ Loan Loss Reserve to Loans Ratio,60,2,%,0.0261345123
2022,RT_CAT_INFO_VALUATION,Valuation & Company Information,1,1,,
2022,RT_VALUE_PE,  ‣ P/E Ratio,2,2,lần,7.126483992
2022,RT_VALUE_PB,  ‣ P/B Ratio,3,2,lần,1.3370184264
2022,RT_VALUE_PS,  ‣ P/S Ratio,4,2,lần,2.2401428058
2022,RT_VALUE_P_CF,  ‣ P/CF Ratio,5,2,lần,186.9556906274
2022,RT_VALUE_EV_EBITDA,  ‣ EV/EBITDA,6,2,lần,0.0
2022,RT_VALUE_DIVIDEND_YIELD,  ‣ Dividend Yield,7,2,%,5.20833333
2022,RT_VALUE_MARKET_CAP,  ‣ Market Capitalization,8,2,tỷ VNĐ,137620682020500.0
2022,RT_VALUE_EPS,  ‣ Basic EPS,9,2,VNĐ,
2022,RT_VALUE_BETA,  ‣ Beta,10,2,lần,
2022,RT_VALUE_BVPS,  ‣ Book Value Per Share,11,2,VNĐ,
2022,RT_VALUE_EBIT,  ‣ EBIT,12,2,tỷ VNĐ,0.0
2022,RT_VALUE_EBITDA,  ‣ EBITDA,13,2,tỷ VNĐ,0.0
2022,RT_VALUE_EQUITY,  ‣ Owner's Equity,14,2,tỷ VNĐ,0.0
2022,RT_VALUE_OUTSTANDING_SHARES,  ‣ Outstanding Shares,15,2,cổ phiếu,6713204001.0
2022,RT_CAT_PROFITABILITY,Profitability & Efficiency,16,1,,
2022,RT_PRT_ROE,  ‣ ROE %,17,2,%,0.1781937088
2022,RT_PRT_ROA,  ‣ ROA %,18,2,%,0.0286973637
2022,RT_PRT_ROIC,  ‣ ROIC %,19,2,%,0.0
2022,RT_PRT_GROSS_MARGIN,  ‣ Gross Profit Margin %,20,2,%,0.7557709005
2022,RT_PRT_EBIT_MARGIN,  ‣ EBIT Margin %,21,2,%,0.0
2022,RT_PRT_PRE_TAX_MARGIN,  ‣ Pre Tax Profit Margin %,22,2,%,0.3671488023
2022,RT_PRT_NET_MARGIN,  ‣ Net Profit Margin %,23,2,%,0.2925546475
2022,RT_EFF_ATR,  ‣ Asset Turnover,24,2,vòng,0.0
2022,RT_EFF_FATR,  ‣ Fixed Asset Turnover,25,2,vòng,0.0
2022,RT_EFF_DSO,  ‣ Days Sales Outstanding,26,2,ngày,0.0
2022,RT_EFF_DIO,  ‣ Days Inventory Outstanding,27,2,ngày,0.0
2022,RT_EFF_DPO,  ‣ Days Payable Outstanding,28,2,ngày,0.0
2022,RT_EFF_CASH_CYCLE,  ‣ Cash Conversion Cycle,29,2,ngày,0.0
2022,RT_CAT_LIQUIDITY_SAFETY,Liquidity & Financial Safety,30,1,,
2022,RT_LQD_CR,  ‣ Current Ratio,31,2,lần,0.0
2022,RT_LQD_QR,  ‣ Quick Ratio,32,2,lần,0.0
2022,RT_LQD_CASH_RATIO,  ‣ Cash Ratio,33,2,lần,0.0
2022,RT_ASSETS_CURRENT_DEPOSITS,  ‣ Current Deposits,34,2,tỷ VNĐ,
2022,RT_ASSETS_DEPOSITS_SPECIAL,  ‣ Special Purpose Deposits,35,2,tỷ VNĐ,
2022,RT_ASSETS_DEPOSITS_CUSTOMERS,  ‣ Customer Deposits,36,2,tỷ VNĐ,
2022,RT_ASSETS_MARGIN_DEPOSITS,  ‣ Margin Deposits,37,2,tỷ VNĐ,
2022,RT_CAT_FINANCIAL_LEVERAGE,Financial Leverage,38,1,,
2022,RT_LEV_DE,  ‣ Debt to Equity Ratio,39,2,lần,0.0
2022,RT_LEV_LOAN_EQUITY,  ‣ Loans to Equity Ratio,40,2,lần,0.0
2022,RT_LEV_DA,  ‣ Debt to Assets Ratio,41,2,lần,
2022,RT_LEV_FINANCIAL_LEVERAGE,  ‣ Financial Leverage,42,2,lần,0.0
2022,RT_LEV_EQUITY_TO_LIABILITIES,  ‣ Equity to Liabilities Ratio,43,2,lần,0.1962080917
2022,RT_LEV_EQUITY_TO_ASSETS,  ‣ Equity to Assets Ratio,44,2,lần,0.1640250497
2022,RT_CAT_BANKING_SPECIFICS,Banking Specifics,45,1,,
2022,RT_BANK_NIM,  ‣ Net Interest Margin (NIM),46,2,%,0.0760804642
2022,RT_BANK_YIEA,  ‣ Yield on Earning Assets (YIEA),47,2,%,0.1153608445
2022,RT_BANK_COF,  ‣ Cost of Funds (COF),48,2,%,-0.0443433761
2022,RT_BANK_NOII,  ‣ Non Interest Income,49,2,tỷ VNĐ,0.408649382
2022,RT_BANK_CIR,  ‣ Cost to Income Ratio (CIR),50,2,%,-0.2442290995
2022,RT_BANK_LOAN_GROWTH,  ‣ Loan Growth,51,2,%,0.233777705
2022,RT_BANK_DEPOSIT_GROWTH,  ‣ Deposit Growth,52,2,%,0.2535359846
2022,RT_BANK_LDR,  ‣ Loan to Deposit Ratio (LDR),53,2,%,1.4459376484
2022,RT_BANK_NPL,  ‣ Non Performing Loans Ratio (NPL),54,2,%,0.0573464571
2022,RT_BANK_NPL_COVERAGE,  ‣ NPL Coverage Ratio,55,2,%,-0.544042332
2022,RT_BANK_PROVISION_TO_LOANS,  ‣ Provision to Loans Ratio,56,2,%,-0.0566045381
2022,RT_BANK_CAR,  ‣ Capital Adequacy Ratio (CAR),57,2,%,0.149
2022,RT_BANK_CASA,  ‣ CASA Ratio,58,2,%,0.1773541009
2022,RT_BANK_EQUITY_TO_LOANS,  ‣ Equity to Loans Ratio,59,2,%,0.2361235141
2022,RT_BANK_LLR_TO_LOANS,  ‣ Loan Loss Reserve to Loans Ratio,60,2,%,0.0311989002
2021,RT_CAT_INFO_VALUATION,Valuation & Company Information,1,1,,
2021,RT_VALUE_PE,  ‣ P/E Ratio,2,2,lần,6.8808526135
2021,RT_VALUE_PB,  ‣ P/B Ratio,3,2,lần,1.0290951924
2021,RT_VALUE_PS,  ‣ P/S Ratio,4,2,lần,1.8205241406
2021,RT_VALUE_P_CF,  ‣ P/CF Ratio,5,2,lần,15.7652883914
2021,RT_VALUE_EV_EBITDA,  ‣ EV/EBITDA,6,2,lần,0.0
2021,RT_VALUE_DIVIDEND_YIELD,  ‣ Dividend Yield,7,2,%,0.0
2021,RT_VALUE_MARKET_CAP,  ‣ Market Capitalization,8,2,tỷ VNĐ,171150725399500.0
2021,RT_VALUE_EPS,  ‣ Basic EPS,9,2,VNĐ,
2021,RT_VALUE_BETA,  ‣ Beta,10,2,lần,
2021,RT_VALUE_BVPS,  ‣ Book Value Per Share,11,2,VNĐ,
2021,RT_VALUE_EBIT,  ‣ EBIT,12,2,tỷ VNĐ,0.0
2021,RT_VALUE_EBITDA,  ‣ EBITDA,13,2,tỷ VNĐ,0.0
2021,RT_VALUE_EQUITY,  ‣ Owner's Equity,14,2,tỷ VNĐ,0.0
2021,RT_VALUE_OUTSTANDING_SHARES,  ‣ Outstanding Shares,15,2,cổ phiếu,4445473387.0
2021,RT_CAT_PROFITABILITY,Profitability & Efficiency,16,1,,
2021,RT_PRT_ROE,  ‣ ROE %,17,2,%,0.1650540579
2021,RT_PRT_ROA,  ‣ ROA %,18,2,%,0.0237515374
2021,RT_PRT_ROIC,  ‣ ROIC %,19,2,%,0.0
2021,RT_PRT_GROSS_MARGIN,  ‣ Gross Profit Margin %,20,2,%,0.7580455955
2021,RT_PRT_EBIT_MARGIN,  ‣ EBIT Margin %,21,2,%,0.0
2021,RT_PRT_PRE_TAX_MARGIN,  ‣ Pre Tax Profit Margin %,22,2,%,0.3242278051
2021,RT_PRT_NET_MARGIN,  ‣ Net Profit Margin %,23,2,%,0.2590697037
2021,RT_EFF_ATR,  ‣ Asset Turnover,24,2,vòng,0.0
2021,RT_EFF_FATR,  ‣ Fixed Asset Turnover,25,2,vòng,0.0
2021,RT_EFF_DSO,  ‣ Days Sales Outstanding,26,2,ngày,0.0
2021,RT_EFF_DIO,  ‣ Days Inventory Outstanding,27,2,ngày,0.0
2021,RT_EFF_DPO,  ‣ Days Payable Outstanding,28,2,ngày,0.0
2021,RT_EFF_CASH_CYCLE,  ‣ Cash Conversion Cycle,29,2,ngày,0.0
2021,RT_CAT_LIQUIDITY_SAFETY,Liquidity & Financial Safety,30,1,,
2021,RT_LQD_CR,  ‣ Current Ratio,31,2,lần,0.0
2021,RT_LQD_QR,  ‣ Quick Ratio,32,2,lần,0.0
2021,RT_LQD_CASH_RATIO,  ‣ Cash Ratio,33,2,lần,0.0
2021,RT_ASSETS_CURRENT_DEPOSITS,  ‣ Current Deposits,34,2,tỷ VNĐ,
2021,RT_ASSETS_DEPOSITS_SPECIAL,  ‣ Special Purpose Deposits,35,2,tỷ VNĐ,
2021,RT_ASSETS_DEPOSITS_CUSTOMERS,  ‣ Customer Deposits,36,2,tỷ VNĐ,
2021,RT_ASSETS_MARGIN_DEPOSITS,  ‣ Margin Deposits,37,2,tỷ VNĐ,
2021,RT_CAT_FINANCIAL_LEVERAGE,Financial Leverage,38,1,,
2021,RT_LEV_DE,  ‣ Debt to Equity Ratio,39,2,lần,0.0
2021,RT_LEV_LOAN_EQUITY,  ‣ Loans to Equity Ratio,40,2,lần,0.0
2021,RT_LEV_DA,  ‣ Debt to Assets Ratio,41,2,lần,
2021,RT_LEV_FINANCIAL_LEVERAGE,  ‣ Financial Leverage,42,2,lần,0.0
2021,RT_LEV_EQUITY_TO_LIABILITIES,  ‣ Equity to Liabilities Ratio,43,2,lần,0.1871010458
2021,RT_LEV_EQUITY_TO_ASSETS,  ‣ Equity to Assets Ratio,44,2,lần,0.1576117269
2021,RT_CAT_BANKING_SPECIFICS,Banking Specifics,45,1,,
2021,RT_BANK_NIM,  ‣ Net Interest Margin (NIM),46,2,%,0.0770428686
2021,RT_BANK_YIEA,  ‣ Yield on Earning Assets (YIEA),47,2,%,0.11400288
2021,RT_BANK_COF,  ‣ Cost of Funds (COF),48,2,%,-0.041246969
2021,RT_BANK_NOII,  ‣ Non Interest Income,49,2,tỷ VNĐ,0.2896800354
2021,RT_BANK_CIR,  ‣ Cost to Income Ratio (CIR),50,2,%,-0.2419544045
2021,RT_BANK_LOAN_GROWTH,  ‣ Loan Growth,51,2,%,0.2216697635
2021,RT_BANK_DEPOSIT_GROWTH,  ‣ Deposit Growth,52,2,%,0.0360242845
2021,RT_BANK_LDR,  ‣ Loan to Deposit Ratio (LDR),53,2,%,1.4690935542
2021,RT_BANK_NPL,  ‣ Non Performing Loans Ratio (NPL),54,2,%,0.0457219862
2021,RT_BANK_NPL_COVERAGE,  ‣ NPL Coverage Ratio,55,2,%,-0.6088917601
2021,RT_BANK_PROVISION_TO_LOANS,  ‣ Provision to Loans Ratio,56,2,%,-0.0594918686
2021,RT_BANK_CAR,  ‣ Capital Adequacy Ratio (CAR),57,2,%,0.143
2021,RT_BANK_CASA,  ‣ CASA Ratio,58,2,%,0.2236501145
2021,RT_BANK_EQUITY_TO_LOANS,  ‣ Equity to Loans Ratio,59,2,%,0.2428446605
2021,RT_BANK_LLR_TO_LOANS,  ‣ Loan Loss Reserve to Loans Ratio,60,2,%,0.0278397407
2020,RT_CAT_INFO_VALUATION,Valuation & Company Information,1,1,,
2020,RT_VALUE_PE,  ‣ P/E Ratio,2,2,lần,8.6974209507
2020,RT_VALUE_PB,  ‣ P/B Ratio,3,2,lần,1.7156061062
2020,RT_VALUE_PS,  ‣ P/S Ratio,4,2,lần,2.3204106749
2020,RT_VALUE_P_CF,  ‣ P/CF Ratio,5,2,lần,68.6390424636
2020,RT_VALUE_EV_EBITDA,  ‣ EV/EBITDA,6,2,lần,0.0
2020,RT_VALUE_DIVIDEND_YIELD,  ‣ Dividend Yield,7,2,%,0.0
2020,RT_VALUE_MARKET_CAP,  ‣ Market Capitalization,8,2,tỷ VNĐ,121510044117000.0
2020,RT_VALUE_EPS,  ‣ Basic EPS,9,2,VNĐ,
2020,RT_VALUE_BETA,  ‣ Beta,10,2,lần,
2020,RT_VALUE_BVPS,  ‣ Book Value Per Share,11,2,VNĐ,
2020,RT_VALUE_EBIT,  ‣ EBIT,12,2,tỷ VNĐ,0.0
2020,RT_VALUE_EBITDA,  ‣ EBITDA,13,2,tỷ VNĐ,0.0
2020,RT_VALUE_EQUITY,  ‣ Owner's Equity,14,2,tỷ VNĐ,0.0
2020,RT_VALUE_OUTSTANDING_SHARES,  ‣ Outstanding Shares,15,2,cổ phiếu,2454748366.0
2020,RT_CAT_PROFITABILITY,Profitability & Efficiency,16,1,,
2020,RT_PRT_ROE,  ‣ ROE %,17,2,%,0.2192295665
2020,RT_PRT_ROA,  ‣ ROA %,18,2,%,0.0261576466
2020,RT_PRT_ROIC,  ‣ ROIC %,19,2,%,0.0
2020,RT_PRT_GROSS_MARGIN,  ‣ Gross Profit Margin %,20,2,%,0.708144705
2020,RT_PRT_EBIT_MARGIN,  ‣ EBIT Margin %,21,2,%,0.0
2020,RT_PRT_PRE_TAX_MARGIN,  ‣ Pre Tax Profit Margin %,22,2,%,0.3335489708
2020,RT_PRT_NET_MARGIN,  ‣ Net Profit Margin %,23,2,%,0.2667929594
2020,RT_EFF_ATR,  ‣ Asset Turnover,24,2,vòng,0.0
2020,RT_EFF_FATR,  ‣ Fixed Asset Turnover,25,2,vòng,0.0
2020,RT_EFF_DSO,  ‣ Days Sales Outstanding,26,2,ngày,0.0
2020,RT_EFF_DIO,  ‣ Days Inventory Outstanding,27,2,ngày,0.0
2020,RT_EFF_DPO,  ‣ Days Payable Outstanding,28,2,ngày,0.0
2020,RT_EFF_CASH_CYCLE,  ‣ Cash Conversion Cycle,29,2,ngày,0.0
2020,RT_CAT_LIQUIDITY_SAFETY,Liquidity & Financial Safety,30,1,,
2020,RT_LQD_CR,  ‣ Current Ratio,31,2,lần,0.0
2020,RT_LQD_QR,  ‣ Quick Ratio,32,2,lần,0.0
2020,RT_LQD_CASH_RATIO,  ‣ Cash Ratio,33,2,lần,0.0
2020,RT_ASSETS_CURRENT_DEPOSITS,  ‣ Current Deposits,34,2,tỷ VNĐ,
2020,RT_ASSETS_DEPOSITS_SPECIAL,  ‣ Special Purpose Deposits,35,2,tỷ VNĐ,
2020,RT_ASSETS_DEPOSITS_CUSTOMERS,  ‣ Customer Deposits,36,2,tỷ VNĐ,
2020,RT_ASSETS_MARGIN_DEPOSITS,  ‣ Margin Deposits,37,2,tỷ VNĐ,
2020,RT_CAT_FINANCIAL_LEVERAGE,Financial Leverage,38,1,,
2020,RT_LEV_DE,  ‣ Debt to Equity Ratio,39,2,lần,0.0
2020,RT_LEV_LOAN_EQUITY,  ‣ Loans to Equity Ratio,40,2,lần,0.0
2020,RT_LEV_DA,  ‣ Debt to Assets Ratio,41,2,lần,
2020,RT_LEV_FINANCIAL_LEVERAGE,  ‣ Financial Leverage,42,2,lần,0.0
2020,RT_LEV_EQUITY_TO_LIABILITIES,  ‣ Equity to Liabilities Ratio,43,2,lần,0.1441527618
2020,RT_LEV_EQUITY_TO_ASSETS,  ‣ Equity to Assets Ratio,44,2,lần,0.1259908349
2020,RT_CAT_BANKING_SPECIFICS,Banking Specifics,45,1,,
2020,RT_BANK_NIM,  ‣ Net Interest Margin (NIM),46,2,%,0.0871736464
2020,RT_BANK_YIEA,  ‣ Yield on Earning Assets (YIEA),47,2,%,0.1411176387
2020,RT_BANK_COF,  ‣ Cost of Funds (COF),48,2,%,-0.0592857977
2020,RT_BANK_NOII,  ‣ Non Interest Income,49,2,tỷ VNĐ,0.2065885911
2020,RT_BANK_CIR,  ‣ Cost to Income Ratio (CIR),50,2,%,-0.291855295
2020,RT_BANK_LOAN_GROWTH,  ‣ Loan Growth,51,2,%,0.1307707025
2020,RT_BANK_DEPOSIT_GROWTH,  ‣ Deposit Growth,52,2,%,0.0910419459
2020,RT_BANK_LDR,  ‣ Loan to Deposit Ratio (LDR),53,2,%,1.2458494463
2020,RT_BANK_NPL,  ‣ Non Performing Loans Ratio (NPL),54,2,%,0.0341253063
2020,RT_BANK_NPL_COVERAGE,  ‣ NPL Coverage Ratio,55,2,%,-0.453103468
2020,RT_BANK_PROVISION_TO_LOANS,  ‣ Provision to Loans Ratio,56,2,%,-0.053363638
2020,RT_BANK_CAR,  ‣ Capital Adequacy Ratio (CAR),57,2,%,0.12
2020,RT_BANK_CASA,  ‣ CASA Ratio,58,2,%,0.1559350135
2020,RT_BANK_EQUITY_TO_LOANS,  ‣ Equity to Loans Ratio,59,2,%,0.1815357009
2020,RT_BANK_LLR_TO_LOANS,  ‣ Loan Loss Reserve to Loans Ratio,60,2,%,0.0154622946
2019,RT_CAT_INFO_VALUATION,Valuation & Company Information,1,1,,
2019,RT_VALUE_PE,  ‣ P/E Ratio,2,2,lần,20.2145970413
2019,RT_VALUE_PB,  ‣ P/B Ratio,3,2,lần,3.9559087568
2019,RT_VALUE_PS,  ‣ P/S Ratio,4,2,lần,4.5929190804
2019,RT_VALUE_P_CF,  ‣ P/CF Ratio,5,2,lần,-52.7182336106
2019,RT_VALUE_EV_EBITDA,  ‣ EV/EBITDA,6,2,lần,0.0
2019,RT_VALUE_DIVIDEND_YIELD,  ‣ Dividend Yield,7,2,%,0.0
2019,RT_VALUE_MARKET_CAP,  ‣ Market Capitalization,8,2,tỷ VNĐ,47657980555300.0
2019,RT_VALUE_EPS,  ‣ Basic EPS,9,2,VNĐ,
2019,RT_VALUE_BETA,  ‣ Beta,10,2,lần,
2019,RT_VALUE_BVPS,  ‣ Book Value Per Share,11,2,VNĐ,
2019,RT_VALUE_EBIT,  ‣ EBIT,12,2,tỷ VNĐ,0.0
2019,RT_VALUE_EBITDA,  ‣ EBITDA,13,2,tỷ VNĐ,0.0
2019,RT_VALUE_EQUITY,  ‣ Owner's Equity,14,2,tỷ VNĐ,0.0
2019,RT_VALUE_OUTSTANDING_SHARES,  ‣ Outstanding Shares,15,2,cổ phiếu,2437748366.0
2019,RT_CAT_PROFITABILITY,Profitability & Efficiency,16,1,,
2019,RT_PRT_ROE,  ‣ ROE %,17,2,%,0.2146643266
2019,RT_PRT_ROA,  ‣ ROA %,18,2,%,0.0235840659
2019,RT_PRT_ROIC,  ‣ ROIC %,19,2,%,0.0
2019,RT_PRT_GROSS_MARGIN,  ‣ Gross Profit Margin %,20,2,%,0.6604718229
2019,RT_PRT_EBIT_MARGIN,  ‣ EBIT Margin %,21,2,%,0.0
2019,RT_PRT_PRE_TAX_MARGIN,  ‣ Pre Tax Profit Margin %,22,2,%,0.2839779363
2019,RT_PRT_NET_MARGIN,  ‣ Net Profit Margin %,23,2,%,0.2272080453
2019,RT_EFF_ATR,  ‣ Asset Turnover,24,2,vòng,0.0
2019,RT_EFF_FATR,  ‣ Fixed Asset Turnover,25,2,vòng,0.0
2019,RT_EFF_DSO,  ‣ Days Sales Outstanding,26,2,ngày,0.0
2019,RT_EFF_DIO,  ‣ Days Inventory Outstanding,27,2,ngày,0.0
2019,RT_EFF_DPO,  ‣ Days Payable Outstanding,28,2,ngày,0.0
2019,RT_EFF_CASH_CYCLE,  ‣ Cash Conversion Cycle,29,2,ngày,0.0
2019,RT_CAT_LIQUIDITY_SAFETY,Liquidity & Financial Safety,30,1,,
2019,RT_LQD_CR,  ‣ Current Ratio,31,2,lần,0.0
2019,RT_LQD_QR,  ‣ Quick Ratio,32,2,lần,0.0
2019,RT_LQD_CASH_RATIO,  ‣ Cash Ratio,33,2,lần,0.0
2019,RT_ASSETS_CURRENT_DEPOSITS,  ‣ Current Deposits,34,2,tỷ VNĐ,
2019,RT_ASSETS_DEPOSITS_SPECIAL,  ‣ Special Purpose Deposits,35,2,tỷ VNĐ,
2019,RT_ASSETS_DEPOSITS_CUSTOMERS,  ‣ Customer Deposits,36,2,tỷ VNĐ,
2019,RT_ASSETS_MARGIN_DEPOSITS,  ‣ Margin Deposits,37,2,tỷ VNĐ,
2019,RT_CAT_FINANCIAL_LEVERAGE,Financial Leverage,38,1,,
2019,RT_LEV_DE,  ‣ Debt to Equity Ratio,39,2,lần,0.0
2019,RT_LEV_LOAN_EQUITY,  ‣ Loans to Equity Ratio,40,2,lần,0.0
2019,RT_LEV_DA,  ‣ Debt to Assets Ratio,41,2,lần,
2019,RT_LEV_FINANCIAL_LEVERAGE,  ‣ Financial Leverage,42,2,lần,0.0
2019,RT_LEV_EQUITY_TO_LIABILITIES,  ‣ Equity to Liabilities Ratio,43,2,lần,0.1260013422
2019,RT_LEV_EQUITY_TO_ASSETS,  ‣ Equity to Assets Ratio,44,2,lần,0.1119015914
2019,RT_CAT_BANKING_SPECIFICS,Banking Specifics,45,1,,
2019,RT_BANK_NIM,  ‣ Net Interest Margin (NIM),46,2,%,0.0942613804
2019,RT_BANK_YIEA,  ‣ Yield on Earning Assets (YIEA),47,2,%,0.1532831863
2019,RT_BANK_COF,  ‣ Cost of Funds (COF),48,2,%,-0.0640188409
2019,RT_BANK_NOII,  ‣ Non Interest Income,49,2,tỷ VNĐ,0.1852730221
2019,RT_BANK_CIR,  ‣ Cost to Income Ratio (CIR),50,2,%,-0.3395281771
2019,RT_BANK_LOAN_GROWTH,  ‣ Loan Growth,51,2,%,0.1586846561
2019,RT_BANK_DEPOSIT_GROWTH,  ‣ Deposit Growth,52,2,%,0.2522591588
2019,RT_BANK_LDR,  ‣ Loan to Deposit Ratio (LDR),53,2,%,1.2020774868
2019,RT_BANK_NPL,  ‣ Non Performing Loans Ratio (NPL),54,2,%,0.0342072034
2019,RT_BANK_NPL_COVERAGE,  ‣ NPL Coverage Ratio,55,2,%,-0.4642311536
2019,RT_BANK_PROVISION_TO_LOANS,  ‣ Provision to Loans Ratio,56,2,%,-0.0571334261
2019,RT_BANK_CAR,  ‣ Capital Adequacy Ratio (CAR),57,2,%,0.111
2019,RT_BANK_CASA,  ‣ CASA Ratio,58,2,%,0.1326018896
2019,RT_BANK_EQUITY_TO_LOANS,  ‣ Equity to Loans Ratio,59,2,%,0.1641227632
2019,RT_BANK_LLR_TO_LOANS,  ‣ Loan Loss Reserve to Loans Ratio,60,2,%,0.0158800495
2018,RT_CAT_INFO_VALUATION,Valuation & Company Information,1,1,,
2018,RT_VALUE_PE,  ‣ P/E Ratio,2,2,lần,22.700882923
2018,RT_VALUE_PB,  ‣ P/B Ratio,3,2,lần,4.8051095381
2018,RT_VALUE_PS,  ‣ P/S Ratio,4,2,lần,5.3715401856
2018,RT_VALUE_P_CF,  ‣ P/CF Ratio,5,2,lần,19.2230895504
2018,RT_VALUE_EV_EBITDA,  ‣ EV/EBITDA,6,2,lần,0.0
2018,RT_VALUE_DIVIDEND_YIELD,  ‣ Dividend Yield,7,2,%,0.0
2018,RT_VALUE_MARKET_CAP,  ‣ Market Capitalization,8,2,tỷ VNĐ,47660918300400.0
2018,RT_VALUE_EPS,  ‣ Basic EPS,9,2,VNĐ,
2018,RT_VALUE_BETA,  ‣ Beta,10,2,lần,
2018,RT_VALUE_BVPS,  ‣ Book Value Per Share,11,2,VNĐ,
2018,RT_VALUE_EBIT,  ‣ EBIT,12,2,tỷ VNĐ,0.0
2018,RT_VALUE_EBITDA,  ‣ EBITDA,13,2,tỷ VNĐ,0.0
2018,RT_VALUE_EQUITY,  ‣ Owner's Equity,14,2,tỷ VNĐ,0.0
2018,RT_VALUE_OUTSTANDING_SHARES,  ‣ Outstanding Shares,15,2,cổ phiếu,2456748366.0
2018,RT_CAT_PROFITABILITY,Profitability & Efficiency,16,1,,
2018,RT_PRT_ROE,  ‣ ROE %,17,2,%,0.2282715211
2018,RT_PRT_ROA,  ‣ ROA %,18,2,%,0.0244759949
2018,RT_PRT_ROIC,  ‣ ROIC %,19,2,%,0.0
2018,RT_PRT_GROSS_MARGIN,  ‣ Gross Profit Margin %,20,2,%,0.6579154834
2018,RT_PRT_EBIT_MARGIN,  ‣ EBIT Margin %,21,2,%,0.0
2018,RT_PRT_PRE_TAX_MARGIN,  ‣ Pre Tax Profit Margin %,22,2,%,0.2959083742
2018,RT_PRT_NET_MARGIN,  ‣ Net Profit Margin %,23,2,%,0.2366225227
2018,RT_EFF_ATR,  ‣ Asset Turnover,24,2,vòng,0.0
2018,RT_EFF_FATR,  ‣ Fixed Asset Turnover,25,2,vòng,0.0
2018,RT_EFF_DSO,  ‣ Days Sales Outstanding,26,2,ngày,0.0
2018,RT_EFF_DIO,  ‣ Days Inventory Outstanding,27,2,ngày,0.0
2018,RT_EFF_DPO,  ‣ Days Payable Outstanding,28,2,ngày,0.0
2018,RT_EFF_CASH_CYCLE,  ‣ Cash Conversion Cycle,29,2,ngày,0.0
2018,RT_CAT_LIQUIDITY_SAFETY,Liquidity & Financial Safety,30,1,,
2018,RT_LQD_CR,  ‣ Current Ratio,31,2,lần,0.0
2018,RT_LQD_QR,  ‣ Quick Ratio,32,2,lần,0.0
2018,RT_LQD_CASH_RATIO,  ‣ Cash Ratio,33,2,lần,0.0
2018,RT_ASSETS_CURRENT_DEPOSITS,  ‣ Current Deposits,34,2,tỷ VNĐ,
2018,RT_ASSETS_DEPOSITS_SPECIAL,  ‣ Special Purpose Deposits,35,2,tỷ VNĐ,
2018,RT_ASSETS_DEPOSITS_CUSTOMERS,  ‣ Customer Deposits,36,2,tỷ VNĐ,
2018,RT_ASSETS_MARGIN_DEPOSITS,  ‣ Margin Deposits,37,2,tỷ VNĐ,
2018,RT_CAT_FINANCIAL_LEVERAGE,Financial Leverage,38,1,,
2018,RT_LEV_DE,  ‣ Debt to Equity Ratio,39,2,lần,0.0
2018,RT_LEV_LOAN_EQUITY,  ‣ Loans to Equity Ratio,40,2,lần,0.0
2018,RT_LEV_DA,  ‣ Debt to Assets Ratio,41,2,lần,
2018,RT_LEV_FINANCIAL_LEVERAGE,  ‣ Financial Leverage,42,2,lần,0.0
2018,RT_LEV_EQUITY_TO_LIABILITIES,  ‣ Equity to Liabilities Ratio,43,2,lần,0.1204337095
2018,RT_LEV_EQUITY_TO_ASSETS,  ‣ Equity to Assets Ratio,44,2,lần,0.1074884739
2018,RT_CAT_BANKING_SPECIFICS,Banking Specifics,45,1,,
2018,RT_BANK_NIM,  ‣ Net Interest Margin (NIM),46,2,%,0.0879852484
2018,RT_BANK_YIEA,  ‣ Yield on Earning Assets (YIEA),47,2,%,0.1434752494
2018,RT_BANK_COF,  ‣ Cost of Funds (COF),48,2,%,-0.0604682215
2018,RT_BANK_NOII,  ‣ Non Interest Income,49,2,tỷ VNĐ,0.2584144128
2018,RT_BANK_CIR,  ‣ Cost to Income Ratio (CIR),50,2,%,-0.3420845166
2018,RT_BANK_LOAN_GROWTH,  ‣ Loan Growth,51,2,%,0.2151234339
2018,RT_BANK_DEPOSIT_GROWTH,  ‣ Deposit Growth,52,2,%,0.2792948874
2018,RT_BANK_LDR,  ‣ Loan to Deposit Ratio (LDR),53,2,%,1.2991563619
2018,RT_BANK_NPL,  ‣ Non Performing Loans Ratio (NPL),54,2,%,0.0349891654
2018,RT_BANK_NPL_COVERAGE,  ‣ NPL Coverage Ratio,55,2,%,-0.4592649105
2018,RT_BANK_PROVISION_TO_LOANS,  ‣ Provision to Loans Ratio,56,2,%,-0.0556225728
2018,RT_BANK_CAR,  ‣ Capital Adequacy Ratio (CAR),57,2,%,0.123
2018,RT_BANK_CASA,  ‣ CASA Ratio,58,2,%,0.1368030954
2018,RT_BANK_EQUITY_TO_LOANS,  ‣ Equity to Loans Ratio,59,2,%,0.1565586435
2018,RT_BANK_LLR_TO_LOANS,  ‣ Loan Loss Reserve to Loans Ratio,60,2,%,0.0160692959
